id;nome_agencia;contato_agencia;email
1;mobile Fish;Home Loan Account Table Computer;Jadon_Streich@gmail.com
2;alarm;Tasty Metal Bacon;Coy99@hotmail.com
3;Money Market Account;Albania web-readiness;Judge.Moore@gmail.com
4;zero administration;Multi-channelled Licensed;Cody_Homenick@yahoo.com
5;Canyon HDD;Table Small Frozen Sausages Planner;Gerhard9@hotmail.com
6;Nakfa;Bahamian Dollar Investment Account;Alexzander.Daniel25@hotmail.com
7;invoice;convergence;Karson3@gmail.com
8;synthesizing Views e-enable;Credit Card Account National Awesome;Jovan.Bayer84@gmail.com
9;compress South Georgia and the South Sandwich Isla;compelling mission-critical;Doug80@yahoo.com
10;Small;deliverables reinvent 24 hour;Raven_Dooley72@gmail.com
