id;nome_evento;descrica_evento;data_inicio;data_fim;status_job;tipo_evento
1;quantify Unbranded Plastic Tuna Frozen;generating Highway Ergonomic;2019-11-12T10:36:21;2019-11-12T12:02:31;true;CASAMENTO
2;tangible Mississippi;Frozen bus;2019-11-12T01:14:49;2019-11-12T02:11:03;true;FESTA
3;Poland;Small partnerships;2019-11-12T14:39:51;2019-11-12T18:45:04;true;CASAMENTO
4;Concrete Investment Account Saint Lucia;User-centric;2019-11-12T17:39:29;2019-11-12T05:07:58;false;CASAMENTO
5;RSS;mint green e-business EXE;2019-11-12T11:43:17;2019-11-12T00:07:38;false;CASAMENTO
6;Jewelery cutting-edge;Games;2019-11-12T07:14:52;2019-11-12T06:41:15;false;FESTA
7;Directives;sky blue;2019-11-12T06:06:40;2019-11-12T02:38:00;false;CASAMENTO
8;card Plastic;Computers Personal Loan Account Berkshire;2019-11-12T18:16:12;2019-11-12T18:42:44;false;PANFLETAGEM
9;Berkshire Designer;Credit Card Account;2019-11-12T17:33:54;2019-11-12T01:13:37;false;FORMATURA
10;Point Orchestrator;Solomon Islands Licensed;2019-11-11T23:27:30;2019-11-12T15:53:18;false;CASAMENTO
